sweep	reported_energy	abs_delta_previous	recomputed_mismatch	residual	oracle_min_up	oracle_min_dn	projector_up	projector_dn	energy_delta_oracle	s2	zspin	windows	focks	fallback	local	projection
1	-14.573186568166246	NaN	1.2434497875801753e-13	0.00982551934589906	0.9998154171941391	0.9998154171939162	0.02717131415532186	0.027171314171729515	0.00016458627381688018	0.1496896946291839	-1.2124814736850873	98	480	0.0	98.0	0.0
2	-14.573275696194735	8.912802848826118e-5	1.5276668818842154e-13	0.006460177966456662	0.9998712138107997	0.999871213810295	0.022696123132061694	0.02269612317660668	7.545824530019729e-5	0.1499880596463239	-1.2056797233080547	98	414	0.0	98.0	0.0
3	-14.573301420708876	2.572451414195598e-5	8.881784197001252e-14	0.005251024666452026	0.9999122126023123	0.9999122126028	0.01873861080702424	0.018738610754864812	4.973373139982584e-5	0.14695224485061953	-1.1911102695995623	98	388	0.0	98.0	0.0
4	-14.573316935257434	1.5514548557860053e-5	8.348877145181177e-14	0.0044563865242942	0.9999388541088945	0.9999388541084036	0.015638961215553117	0.01563896127833809	3.4219182669659176e-5	0.14450957448585244	-1.179499511450443	98	390	0.0	98.0	0.0
5	-14.573326948805931	1.001354849705649e-5	7.993605777301127e-14	0.0038594092122207976	0.9999566989648462	0.9999566989668087	0.013160595708399628	0.013160595410168072	2.4205634336027515e-5	0.14252297834061034	-1.1701151182337741	98	393	0.0	98.0	0.0
6	-14.573333685425936	6.736620004943461e-6	3.907985046680551e-14	0.003385140352739931	0.9999689439537182	0.9999689439527389	0.011145539836608083	0.011145540012244517	1.7469014212068146e-5	0.14088871818719895	-1.162429506988864	98	394	0.0	98.0	0.0
7	-14.573338352648106	4.667222169629781e-6	1.1901590823981678e-13	0.0029958796189990737	0.9999774929347889	0.9999774929355458	0.009488306866735002	0.009488306707177338	1.2801792200534123e-5	0.13953388443236037	-1.1560779380464097	98	389	0.0	98.0	0.0
8	-14.573341658691366	3.306043259598823e-6	1.0658141036401503e-14	0.0026691093914789255	0.9999835454819058	0.9999835454817748	0.008112839537074245	0.008112839569571416	9.495748811261251e-6	0.13840303770219098	-1.1507886352118037	98	387	0.0	98.0	0.0
9	-14.573344041628955	2.3829375894734994e-6	2.3092638912203256e-14	0.0023901457869863556	0.9999878835104046	0.9999878835102066	0.006961768056514053	0.006961768113012079	7.1128112555385314e-6	0.13745248384550113	-1.1463510329774538	98	385	0.0	98.0	0.0
10	-14.573345783433398	1.7418044429007296e-6	1.687538997430238e-13	0.0021487546128293065	0.9999910200441484	0.9999910200438289	0.005993340569537397	0.00599334067619031	5.371006958299063e-6	0.13665034044911106	-1.1426114983071196	98	382	0.0	98.0	0.0
11	-14.573347071314103	1.2878807051919239e-6	1.5987211554602254e-13	0.0019376265574736393	0.9999933073732119	0.9999933073734464	0.0051740518722177015	0.005174051781774286	4.0831259244811235e-6	0.13597010567540835	-1.139444089787692	98	381	0.0	98.0	0.0
12	-14.573348032719394	9.614052913775595e-7	7.283063041541027e-14	0.0017513492682873543	0.9999949878328555	0.9999949878329687	0.004477605152601869	0.004477605101864481	3.121720720145049e-6	0.13539074543412255	-1.136749246174908	98	382	0.0	98.0	0.0
13	-14.573348756212132	7.234927377197664e-7	7.105427357601002e-14	0.0015857971605470087	0.9999962294151234	0.9999962294151693	0.0038836302132658047	0.0038836301898114993	2.3982279842016396e-6	0.1348959858038672	-1.1344498639177405	98	382	0.0	98.0	0.0
14	-14.57334930440358	5.481914477911687e-7	4.440892098500626e-14	0.0014377959354047746	0.9999971518389933	0.9999971518391211	0.0033753298641784873	0.0033753297884399833	1.8500365630558235e-6	0.13447217963250369	-1.1324817007883385	98	380	0.0	98.0	0.0
15	-14.573349722200867	4.1779728654489645e-7	9.769962616701378e-14	0.0013048560789392556	0.9999978408944541	0.9999978408943458	0.0029388085585830494	0.0029388086319189315	1.4322394186194742e-6	0.1341078886030065	-1.1307911903994952	98	377	0.0	98.0	0.0
16	-14.5733500422263	3.2002543370879266e-7	1.5631940186722204e-13	0.0011849764211803399	0.9999983578852737	0.999998357885181	0.0025629284474139513	0.0025629285196890404	1.1122137308916535e-6	0.1337939995129105	-1.1293355017707298	98	376	0.0	98.0	0.0
17	-14.573350288437062	2.462107620004872e-7	3.552713678800501e-15	0.001076534329950491	0.9999987472166074	0.9999987472162444	0.0022385823409733292	0.0022385826653035183	8.660031216578545e-7	0.13352305114426155	-1.1280796558753914	98	374	0.0	98.0	0.0
18	-14.573350478575515	1.9013845253823547e-7	5.861977570020827e-14	0.0009781963463544564	0.9999990415926464	0.9999990415929937	0.001957990001966088	0.001957989647105083	6.75864614052557e-7	0.13328857004180272	-1.1269934351450241	98	372	0.0	98.0	0.0
19	-14.573350625891768	1.4731625341823928e-7	7.638334409421077e-14	0.0008888498397101925	0.999999264910882	0.9999992649107443	0.0017147692933107926	0.0017147694545206868	5.285484956374376e-7	0.13308526765549278	-1.1260521170576723	98	370	0.0	98.0	0.0
20	-14.573350740361153	1.1446938508186122e-7	1.0658141036401503e-13	0.0008075573546185605	0.9999994348645868	0.9999994348645347	0.001503530498748613	0.0015035305690537636	4.140789275908219e-7	0.13290866800752177	-1.1252348466816917	98	367	0.0	98.0	0.0
21	-14.57335082953228	8.917112737094612e-8	7.105427357601002e-14	0.0007335140624967383	0.999999564531181	0.9999995645311098	0.001319820211723023	0.001319820318501411	3.249079778555597e-7	0.13275508229305588	-1.1245243635499942	98	364	0.0	98.0	0.0
22	-14.573350899151219	6.961893816992415e-8	3.552713678800501e-15	0.0006660288424517418	0.9999996637557312	0.9999996637557461	0.0011597488006516304	0.0011597487753612207	2.5528897218407565e-7	0.13262125470826458	-1.1239055504785986	98	361	0.0	98.0	0.0
23	-14.573350953608927	5.445770767664726e-8	5.861977570020827e-14	0.0006044982013280256	0.9999997398985578	0.999999739898512	0.0010200186084387245	0.0010200186992029693	2.00831202334939e-7	0.13250441793306367	-1.1233655304077743	98	357	0.0	98.0	0.0
24	-14.573350996276135	4.2667208433044834e-8	7.638334409421077e-14	0.0005483815876856424	0.9999997983756077	0.9999997983755835	0.0008980664330894801	0.0008980664867925836	1.5816397613832578e-7	0.13240246653979426	-1.1228944134636527	98	351	0.0	98.0	0.0
25	-14.573351029758996	3.3482860928302216e-8	1.8829382497642655e-13	0.0004972178115325604	0.9999998434985184	0.9999998434984374	0.0007912183537989374	0.0007912185601763901	1.2468100329954268e-7	0.13231311535238333	-1.1224817581327051	98	344	0.0	98.0	0.0
26	-14.573351056069935	2.6310939205131945e-8	5.1514348342607263e-14	0.00045057368235455796	0.9999998783330948	0.9999998783331506	0.0006976274262102559	0.0006976272674638797	9.837020087388737e-8	0.13223485571460292	-1.1221204460019842	98	340	0.0	98.0	0.0
27	-14.573351076768134	2.069819871053369e-8	9.947598300641403e-14	0.00040806291434877123	0.9999999052383526	0.9999999052383343	0.0006156782196168803	0.0006156782836872606	7.767195420171902e-8	0.1321663633307406	-1.1218042915232416	98	332	0.0	98.0	0.0
28	-14.573351093071315	1.6303181027410574e-8	1.3322676295501878e-13	0.0003693465266924187	0.9999999261716712	0.9999999261716391	0.0005434369577563961	0.0005434370766931692	6.13690058770544e-8	0.13210591028428675	-1.1215254957447396	98	331	0.0	98.0	0.0
29	-14.57335110592434	1.2853025310732846e-8	1.2256862191861728e-13	0.000334096678384346	0.999999942403517	0.9999999424035246	0.00047999397737912323	0.0004799939453519736	4.8515724770936686e-8	0.1320528343490992	-1.1212807743037232	98	330	0.0	98.0	0.0
30	-14.573351116065432	1.0141091522086754e-8	1.0125233984581428e-13	0.0003020246323752548	0.9999999550222198	0.9999999550222485	0.00042416707626136266	0.000424166945618935	3.8374654565132005e-8	0.1320061220723412	-1.1210654854890498	98	325	0.0	98.0	0.0
31	-14.573351124073447	8.008015583982342e-9	1.1191048088221578e-13	0.0002728632141904583	0.9999999648417451	0.9999999648417484	0.0003750176769092086	0.0003750176604983053	3.036685214397039e-8	0.13196499984615406	-1.1208760108142646	98	324	0.0	98.0	0.0
32	-14.57335113040052	6.327072199496797e-9	9.059419880941277e-14	0.0002463696004670922	0.9999999724984847	0.9999999724985068	0.0003316778930537822	0.0003316777619105624	2.4039577439793902e-8	0.1319287341709514	-1.1207089580083975	98	326	0.0	98.0	0.0
33	-14.573351135402962	5.00244290435603e-9	7.638334409421077e-14	0.00022231324193051753	0.9999999784543261	0.9999999784543168	0.000293574531540991	0.00029357459303900577	1.9037301512980775e-8	0.13189688211479744	-1.120562222780881	98	326	0.0	98.0	0.0
34	-14.573351139359676	3.956714067498979e-9	9.947598300641403e-14	0.00020048946019107067	0.9999999831142771	0.9999999831142705	0.0002598952162040168	0.00025989526169711635	1.508061053812071e-8	0.13186871483607776	-1.1204325140461289	98	326	0.0	98.0	0.0
35	-14.573351142490807	3.1311309101056395e-9	1.2612133559741778e-13	0.000180706356080864	0.9999999867594608	0.9999999867594429	0.00023013961754378233	0.00023013977243018622	1.194950627336766e-8	0.13184382518727222	-1.1203179311460627	98	325	0.0	98.0	0.0
36	-14.57335114496924	2.478433458463769e-9	4.085620730620576e-14	0.0001627846318924008	0.9999999896079808	0.9999999896079868	0.00020388656716113893	0.0002038865180717045	9.4709875497756e-9	0.13182187504230325	-1.1202168894692033	98	326	0.0	98.0	0.0
37	-14.573351146932023	1.962781936981628e-9	2.1671553440683056e-13	0.0001465618585041715	0.999999991840631	0.9999999918406339	0.00018066208154392707	0.00018066205870094956	7.50794804105226e-9	0.1318024526385826	-1.1201275106349233	98	326	0.0	98.0	0.0
38	-14.57335114848686	1.5548380360996816e-9	1.2789769243681803e-13	0.0001318875856685188	0.9999999935903704	0.9999999935903608	0.00016012357738755695	0.00016012370689322215	5.953198822794548e-9	0.13178527729203293	-1.120048487658209	98	324	0.0	98.0	0.0
39	-14.573351149718974	1.232113078231123e-9	8.881784197001252e-14	0.00011862362031229974	0.999999994961248	0.9999999949612474	0.00014197126522120477	0.00014197126903534775	4.7211248244138915e-9	0.13177010289644864	-1.1199786765245585	98	324	0.0	98.0	0.0
40	-14.57335115069545	9.764757891161935e-10	7.993605777301127e-14	0.00010664301530314131	0.9999999960380382	0.9999999960380348	0.00012589085926619946	0.00012589091171467622	3.744657917081895e-9	0.13175665740279396	-1.119916835045969	98	325	0.0	98.0	0.0
41	-14.573351151469494	7.740439400549803e-10	8.171241461241152e-14	9.582858421951157e-5	0.9999999968828741	0.9999999968828767	0.00011166478024752395	0.00011166474774189197	2.9706122006700753e-9	0.1317447638501199	-1.1198621472267791	98	325	0.0	98.0	0.0
42	-14.573351152083113	6.136193775319043e-10	1.7763568394002505e-14	8.607331526923944e-5	0.9999999975463976	0.9999999975463942	9.906979729201532e-5	9.906984676155171e-5	2.3570567719843893e-9	0.13173423726487488	-1.1198137418197824	98	325	0.0	98.0	0.0
43	-14.57335115256987	4.867573011324566e-10	4.263256414560601e-14	7.727882513261703e-5	0.9999999980680587	0.9999999980680601	8.790958500260483e-5	8.790954351731582e-5	1.870274601856181e-9	0.1317249104774727	-1.1197708582687949	98	324	0.0	98.0	0.0
44	-14.573351152955837	3.859668140648864e-10	1.6697754290362354e-13	6.935564283996567e-5	0.9999999984779564	0.999999998477955	7.802839682031724e-5	7.802843248822228e-5	1.4841834428125367e-9	0.13171665621322992	-1.119732907045143	98	320	0.0	98.0	0.0
45	-14.573351153262164	3.06327407884055e-10	6.572520305780927e-14	6.222202591024209e-5	0.999999998801609	0.9999999988016108	6.923705124953835e-5	6.923700150542315e-5	1.1780887376744431e-9	0.131709304477162	-1.119699122260382	98	323	0.0	98.0	0.0
46	-14.573351153504833	2.426681078304682e-10	2.007283228522283e-13	5.580096087687893e-5	0.9999999990542832	0.9999999990542832	6.150636749404961e-5	6.150639208609927e-5	9.355556329637693e-10	0.13170284683951605	-1.1196694511059868	98	324	0.0	98.0	0.0
47	-14.573351153697367	1.9253398875207495e-10	9.947598300641403e-14	5.002650499600613e-5	0.9999999992532309	0.9999999992532268	5.46553478254802e-5	5.465552259125525e-5	7.429203918718486e-10	0.1316971268003191	-1.1196431663753077	98	318	0.0	98.0	0.0
48	-14.573351153849938	1.525712889360875e-10	3.197442310920451e-14	4.483594826474358e-5	0.9999999994102573	0.9999999994102592	4.857032624627871e-5	4.85702274754471e-5	5.902816013758638e-10	0.13169204570938242	-1.1196198187081163	98	311	0.0	98.0	0.0
49	-14.573351153971078	1.2114043101973948e-10	1.545430450278218e-13	4.017259420095671e-5	0.9999999995345283	0.9999999995345318	4.3150560082230125e-5	4.3150411416788914e-5	4.689546528879873e-10	0.1316875159744859	-1.1195990131947908	98	307	0.0	98.0	0.0
50	-14.573351154067446	9.636735853746359e-11	1.7763568394002505e-15	3.598496481055594e-5	0.9999999996324705	0.9999999996324721	3.834295462350888e-5	3.834287300965439e-5	3.7274006103871216e-10	0.13168350046700494	-1.119580565783949	98	302	0.0	98.0	0.0
51	-14.573351154143731	7.628564446804376e-11	1.829647544582258e-13	3.222616651328194e-5	0.9999999997095808	0.9999999997095789	3.408414503953776e-5	3.408425574336362e-5	2.962732281730496e-10	0.13167994586121923	-1.1195642295483492	98	295	0.0	98.0	0.0
52	-14.573351154204591	6.085976167469198e-11	8.171241461241152e-14	2.8853465079846657e-5	0.9999999997708102	0.9999999997708111	3.0278677598639488e-5	3.0278663340368573e-5	2.3567814366742823e-10	0.13167676351533775	-1.1195496155680416	98	294	0.0	98.0	0.0
53	-14.573351154252556	4.796518737748556e-11	9.059419880941277e-14	2.5827571948161665e-5	0.9999999998189019	0.9999999998189033	2.691518652914118e-5	2.691507526421127e-5	1.8754064967652084e-10	0.1316739523754067	-1.1195367053804701	98	294	0.0	98.0	0.0
54	-14.573351154290844	3.8287595316433e-11	2.0605739337042905e-13	2.3114541114768545e-5	0.9999999998570263	0.9999999998570256	2.391484320210086e-5	2.391490410203628e-5	1.4913759116552683e-10	0.13167144352057747	-1.1195251876002015	98	294	0.0	98.0	0.0
55	-14.573351154321362	3.05178105008963e-11	7.105427357601002e-14	2.0682746655556044e-5	0.999999999887198	0.9999999998871972	2.1242105121556175e-5	2.1242217541198614e-5	1.1875478378442494e-10	0.131669208382718	-1.1195149271287805	98	294	0.0	98.0	0.0
56	-14.573351154345458	2.4096280526464398e-11	1.474376176702208e-13	1.850377190651465e-5	0.9999999999110445	0.9999999999110442	1.8863753992749823e-5	1.8863742757547113e-5	9.458211991386634e-11	0.13166721988508012	-1.1195057984982197	98	294	0.0	98.0	0.0
57	-14.573351154364968	1.950972716713295e-11	1.0658141036401503e-14	1.655200743424797e-5	0.9999999999299014	0.9999999999299017	1.6745409396331322e-5	1.6745375723542786e-5	7.52091722233672e-11	0.1316654488393949	-1.119497668281673	98	294	0.0	98.0	0.0
58	-14.57335115438024	1.5273116105163353e-11	5.3290705182007514e-14	1.4804286205760088e-5	0.9999999999448176	0.9999999999448165	1.4857292196771982e-5	1.4857380181011373e-5	5.989342355405824e-11	0.13166387002353175	-1.1194904210670484	98	294	0.0	98.0	0.0
59	-14.57335115439257	1.2329692822277138e-11	4.796163466380676e-14	1.323971165996884e-5	0.9999999999566124	0.9999999999566109	1.3174160898138491e-5	1.3174443309798397e-5	4.766498307162692e-11	0.13166246230987744	-1.1194839598076212	98	294	0.0	98.0	0.0
60	-14.573351154402179	9.608314144315955e-12	3.552713678800501e-15	1.1839560276130516e-5	0.999999999965911	0.9999999999659096	1.1677553014273372e-5	1.1677615808075523e-5	3.801226000632596e-11	0.1316612110975124	-1.119478216001406	98	294	0.0	98.0	0.0
61	-14.573351154409833	7.65432162097568e-12	1.3677947663381929e-13	1.0586847303403778e-5	0.9999999999732536	0.9999999999732547	1.0343619041188951e-5	1.034345766218825e-5	3.021760619503766e-11	0.1316600951933542	-1.1194730949823488	98	294	0.0	98.0	0.0
62	-14.573351154416034	6.201261726346274e-12	7.105427357601002e-15	9.466381978361126e-6	0.999999999979048	0.9999999999790466	9.155213450365686e-6	9.155347625705981e-6	2.4146018517967605e-11	0.1316591012304107	-1.1194685336497985	98	294	0.0	98.0	0.0
63	-14.573351154421012	4.977351863999502e-12	1.7763568394002505e-14	8.46451015304958e-6	0.9999999999836147	0.9999999999836149	8.095888237701388e-6	8.095760418566081e-6	1.9193535649719706e-11	0.13165821475587047	-1.1194644657214914	98	294	0.0	98.0	0.0
64	-14.573351154424824	3.8120617773529375e-12	1.4210854715202004e-13	7.5689644724520985e-6	0.9999999999872122	0.9999999999872125	7.15223044120466e-6	7.152274869314548e-6	1.5221601756820746e-11	0.13165742534210478	-1.1194608427367612	98	294	0.0	98.0	0.0
65	-14.573351154427993	3.169020601490047e-12	3.552713678800501e-14	6.768769574638182e-6	0.9999999999900423	0.9999999999900426	6.311519612349676e-6	6.3114800752319255e-6	1.2159162565694714e-11	0.13165672180481858	-1.1194576138553198	98	294	0.0	98.0	0.0
66	-14.57335115443044	2.447819724693545e-12	1.4210854715202004e-14	6.053984001653819e-6	0.999999999992267	0.9999999999922673	5.561612313482772e-6	5.561550356665405e-6	9.761080832504376e-12	0.13165609392133004	-1.1194547324200732	98	294	0.0	98.0	0.0
67	-14.573351154432453	2.0126122990404838e-12	7.283063041541027e-14	5.415716818528377e-6	0.9999999999940129	0.9999999999940136	4.89373069737983e-6	4.893683391380425e-6	7.8070883091641e-12	0.13165553464228985	-1.119452165640581	98	294	0.0	98.0	0.0
68	-14.573351154433977	1.5241141682054149e-12	7.105427357601002e-14	4.8460605924846395e-6	0.9999999999953789	0.99999999999538	4.299766052152675e-6	4.299591429227638e-6	6.281197784119286e-12	0.13165503694241676	-1.1194498815790301	98	294	0.0	98.0	0.0
69	-14.573351154435255	1.27720056752878e-12	1.865174681370263e-13	4.33786325309275e-6	0.9999999999964447	0.9999999999964448	3.7707180812512833e-6	3.7707529783684304e-6	5.119460411151522e-12	0.13165459343239094	-1.1194478466292688	98	294	0.0	98.0	0.0
70	-14.573351154436015	7.602807272633072e-13	2.2026824808563106e-13	3.884762257039831e-6	0.9999999999972771	0.9999999999972773	3.3001663560716875e-6	3.3001069811453383e-6	3.952393967665557e-12	0.13165419861201677	-1.1194460349539306	98	294	0.0	98.0	0.0
71	-14.573351154436917	9.023892744153272e-13	3.552713678800501e-14	3.4811246085560944e-6	0.9999999999979254	0.999999999997926	2.881016825120912e-6	2.8809534746123413e-6	3.305800078123866e-12	0.1316538465144954	-1.1194444193409003	98	294	0.0	98.0	0.0
72	-14.573351154437574	6.572520305780927e-13	4.973799150320701e-14	3.1218350433411214e-6	0.9999999999984288	0.9999999999984281	2.5078769065229578e-6	2.508002465973917e-6	2.6627589022609754e-12	0.13165353270482738	-1.1194429793361222	98	294	0.0	98.0	0.0
73	-14.573351154438159	5.844214001626824e-13	5.5067062021407764e-14	2.802373169980503e-6	0.9999999999988162	0.9999999999988157	2.176399112470628e-6	2.1762664494814975e-6	2.0836665726164938e-12	0.13165325327505384	-1.1194416969643628	98	294	0.0	98.0	0.0
74	-14.573351154438333	1.7408297026122455e-13	2.007283228522283e-13	2.5186425079010856e-6	0.9999999999991153	0.9999999999991147	1.8813089170480093e-6	1.8814351583601217e-6	1.6537882174816332e-12	0.13165300393528234	-1.119440552841032	98	294	0.0	98.0	0.0
75	-14.573351154438775	4.4231285301066237e-13	2.842170943040401e-14	2.2671101291108864e-6	0.9999999999993426	0.9999999999993437	1.6201128360009554e-6	1.620030047144078e-6	1.4406253967536031e-12	0.1316527823983895	-1.1194395359559255	98	294	0.0	98.0	0.0
76	-14.573351154438948	1.723066134218243e-13	7.993605777301127e-14	2.044369082731538e-6	0.9999999999995187	0.9999999999995187	1.3880717175772999e-6	1.3879595030061872e-6	1.1599610161283636e-12	0.13165258451772344	-1.1194386278099666	98	294	0.0	98.0	0.0
77	-14.573351154439308	3.6060043839825084e-13	6.217248937900877e-14	1.847682484823976e-6	0.9999999999996494	0.9999999999996501	1.1821821445476785e-6	1.1823322465242024e-6	9.414691248821327e-13	0.13165240762398334	-1.1194378160531744	98	294	0.0	98.0	0.0
78	-14.573351154439425	1.1723955140041653e-13	3.375077994860476e-14	1.6743738981981267e-6	0.9999999999997489	0.9999999999997494	1.000932779697791e-6	1.0010417615734695e-6	7.958078640513122e-13	0.13165225017856907	-1.1194370934053324	98	294	0.0	98.0	0.0
79	-14.573351154439445	1.9539925233402755e-14	1.7763568394002505e-15	1.522102460721222e-6	0.9999999999998223	0.999999999999823	8.414447909816578e-7	8.415124692572433e-7	7.407408020299044e-13	0.13165210912343195	-1.119436446166012	98	294	0.0	98.0	0.0
80	-14.573351154439528	8.348877145181177e-14	1.2434497875801753e-13	1.3887387873244252e-6	0.9999999999998759	0.9999999999998762	7.025516595174435e-7	7.025803552453436e-7	5.346834086594754e-13	0.13165198301726244	-1.119435867574885	98	294	0.0	98.0	0.0
81	-14.57335115443949	3.907985046680551e-14	1.4566126083082054e-13	1.272549191897643e-6	0.9999999999999151	0.9999999999999155	5.835351126775281e-7	5.8351683036911e-7	5.524469770534779e-13	0.13165187042684834	-1.119435350992166	98	294	0.0	98.0	0.0
82	-14.57335115443974	2.504663143554353e-13	7.283063041541027e-14	1.1716669031746275e-6	0.9999999999999415	0.9999999999999402	4.842085739488836e-7	4.841736951926793e-7	5.204725539442734e-13	0.13165176999156358	-1.1194348901436681	98	294	0.0	98.0	0.0
83	-14.573351154439731	8.881784197001252e-15	3.730349362740526e-14	1.0843644955024985e-6	0.9999999999999596	0.9999999999999596	4.0507874107938103e-7	4.050786815414049e-7	4.192202140984591e-13	0.13165168025526874	-1.1194344784006245	98	294	0.0	98.0	0.0
84	-14.57335115443989	1.5987211554602254e-13	1.2079226507921703e-13	1.009455985068943e-6	0.9999999999999698	0.99999999999997	3.4743293845646987e-7	3.474315713392989e-7	4.1744385725905886e-13	0.13165159993560582	-1.1194341099252643	98	294	0.0	98.0	0.0
85	-14.5733511544398	9.059419880941277e-14	4.085620730620576e-14	9.457029619395051e-7	0.999999999999976	0.9999999999999768	3.1227192404139336e-7	3.1226958202307974e-7	3.4638958368304884e-13	0.13165152838082594	-1.1194337815995392	98	294	0.0	98.0	0.0
86	-14.573351154439905	1.0480505352461478e-13	2.4868995751603507e-14	8.911961424992483e-7	0.9999999999999775	0.9999999999999788	2.9859160250119613e-7	2.986674328396191e-7	3.0730973321624333e-13	0.13165146442692133	-1.1194334881662829	98	294	0.0	98.0	0.0
87	-14.57335115443977	1.3500311979441904e-13	1.6697754290362354e-13	8.453086514686914e-7	0.9999999999999766	0.9999999999999776	3.0270289633234566e-7	3.027218292143972e-7	2.504663143554353e-13	0.13165140726017266	-1.1194332258887565	98	294	0.0	98.0	0.0
88	-14.573351154439889	1.1901590823981678e-13	1.9539925233402755e-14	8.071400806053821e-7	0.9999999999999741	0.9999999999999742	3.1883074214295496e-7	3.188734413046441e-7	2.788880237858393e-13	0.13165135630554037	-1.1194329920794135	98	294	0.0	98.0	0.0
89	-14.573351154439953	6.394884621840902e-14	4.263256414560601e-14	7.750598022064367e-7	0.9999999999999711	0.9999999999999708	3.4191044911447106e-7	3.420887254822216e-7	2.7711166694643907e-13	0.13165131069202163	-1.1194327828146573	98	294	0.0	98.0	0.0
90	-14.573351154439997	4.440892098500626e-14	7.460698725481052e-14	7.486468872043407e-7	0.9999999999999664	0.9999999999999666	3.682956906966472e-7	3.6809270901284773e-7	2.646771690706373e-13	0.1316512700698933	-1.1194325964088445	98	294	0.0	98.0	0.0
91	-14.573351154439948	4.973799150320701e-14	8.881784197001252e-15	7.267662913541703e-7	0.9999999999999618	0.9999999999999617	3.95294029260679e-7	3.953577158111877e-7	2.3092638912203256e-13	0.13165123364426967	-1.1194324293100566	98	294	0.0	98.0	0.0
92	-14.57335115443998	3.197442310920451e-14	8.348877145181177e-14	7.087971347165038e-7	0.9999999999999554	0.999999999999955	4.2181044769475826e-7	4.2182743799369377e-7	2.913225216616411e-13	0.1316512011748927	-1.1194322803382448	98	294	0.0	98.0	0.0
93	-14.57335115444003	4.973799150320701e-14	1.1013412404281553e-13	6.942280512307354e-7	0.9999999999999502	0.9999999999999508	4.469170702874764e-7	4.470338410671683e-7	2.682298827494378e-13	0.13165117220282907	-1.1194321474051578	98	294	0.0	98.0	0.0
94	-14.57335115443994	8.881784197001252e-14	4.263256414560601e-14	6.82382610331646e-7	0.9999999999999448	0.9999999999999457	4.703376520600021e-7	4.7040629137466865e-7	2.8954616482224083e-13	0.13165114641485132	-1.1194320290538249	98	294	0.0	98.0	0.0
95	-14.573351154439859	8.171241461241152e-14	6.750155989720952e-14	6.728484494343794e-7	0.9999999999999395	0.9999999999999393	4.919953288034786e-7	4.920694796072178e-7	2.611244553918368e-13	0.13165112331541362	-1.1194319230640497	98	294	0.0	98.0	0.0
96	-14.573351154439989	1.2967404927621828e-13	5.329070518200751e-15	6.649437348763243e-7	0.9999999999999348	0.9999999999999349	5.11891532579516e-7	5.117721882307566e-7	1.936228954946273e-13	0.13165110271388514	-1.1194318285262224	98	294	0.0	98.0	0.0
97	-14.573351154439958	3.019806626980426e-14	2.3092638912203256e-14	6.586935392644822e-7	0.9999999999999304	0.9999999999999294	5.298493338625894e-7	5.300044171932929e-7	2.0605739337042905e-13	0.13165108424768146	-1.119431743810261	98	294	0.0	98.0	0.0
98	-14.57335115443987	8.881784197001252e-14	3.552713678800501e-14	6.537353561357022e-7	0.9999999999999263	0.9999999999999254	5.463941018644135e-7	5.463383738187571e-7	2.824407374646398e-13	0.1316510677243503	-1.1194316680185583	98	294	0.0	98.0	0.0
99	-14.573351154439928	5.861977570020827e-14	5.1514348342607263e-14	6.495770662383734e-7	0.9999999999999213	0.9999999999999217	5.613680257507827e-7	5.611858996956701e-7	2.078337502098293e-13	0.13165105291973456	-1.1194316001273101	98	294	0.0	98.0	0.0
100	-14.573351154440026	9.769962616701378e-14	8.881784197001252e-15	6.46278557480718e-7	0.9999999999999181	0.9999999999999184	5.745962520389696e-7	5.744307231563808e-7	1.5276668818842154e-13	0.13165103990122784	-1.1194315403588704	98	294	0.0	98.0	0.0
101	-14.573351154440086	6.039613253960852e-14	1.4566126083082054e-13	6.436339854730162e-7	0.999999999999914	0.9999999999999138	5.866075479476532e-7	5.865497803634814e-7	2.469136006766348e-13	0.13165102813435858	-1.1194314863845025	98	294	0.0	98.0	0.0
102	-14.573351154440083	3.552713678800501e-15	1.1368683772161603e-13	6.415959897441178e-7	0.9999999999999101	0.99999999999991	5.974167668239602e-7	5.971713762952924e-7	2.184918912462308e-13	0.13165101775319088	-1.119431438723225	98	294	0.0	98.0	0.0
103	-14.573351154440072	1.0658141036401503e-14	7.105427357601002e-14	6.397998792695507e-7	0.9999999999999087	0.9999999999999083	6.069446214822094e-7	6.07118649032116e-7	1.865174681370263e-13	0.13165100837399057	-1.1194313956990123	98	294	0.0	98.0	0.0
104	-14.573351154439816	2.5579538487363607e-13	1.1546319456101628e-13	6.383725848978998e-7	0.999999999999906	0.999999999999905	6.156828126121736e-7	6.155417079752299e-7	2.5579538487363607e-13	0.1316510001486857	-1.1194313579188204	98	294	0.0	98.0	0.0
105	-14.573351154440008	1.9184653865522705e-13	4.440892098500626e-14	6.371767887163401e-7	0.9999999999999027	0.999999999999903	6.234693322397426e-7	6.235926507115595e-7	1.3500311979441904e-13	0.131650992588759	-1.1194313232684916	98	294	0.0	98.0	0.0
106	-14.573351154439944	6.394884621840902e-14	9.237055564881302e-14	6.364986547912392e-7	0.9999999999999009	0.9999999999999012	6.304939699296589e-7	6.302334147389323e-7	1.509903313490213e-13	0.13165098609009407	-1.119431293398416	98	294	0.0	98.0	0.0
107	-14.57335115443992	2.4868995751603507e-14	6.217248937900877e-14	6.357527211703208e-7	0.9999999999998991	0.9999999999998987	6.366442353574415e-7	6.367560309903106e-7	2.0605739337042905e-13	0.13165098007992726	-1.1194312658447663	98	294	0.0	98.0	0.0
108	-14.573351154439777	1.4210854715202004e-13	1.758593271006248e-13	6.35103455059442e-7	0.9999999999998962	0.9999999999998961	6.424733419466803e-7	6.424475641860029e-7	2.3447910280083306e-13	0.13165097462910413	-1.1194312408833111	98	294	0.0	98.0	0.0
109	-14.573351154440019	2.4158453015843406e-13	1.2434497875801753e-13	6.347265473963601e-7	0.9999999999998952	0.9999999999998956	6.474046941196344e-7	6.475329225917097e-7	2.9309887850104133e-13	0.13165096990254987	-1.1194312191927547	98	294	0.0	98.0	0.0
110	-14.573351154439948	7.105427357601002e-14	1.7763568394002505e-15	6.345117654886119e-7	0.9999999999998944	0.9999999999998941	6.519342461294888e-7	6.518449285329045e-7	2.4158453015843406e-13	0.13165096573970336	-1.1194312000703108	98	294	0.0	98.0	0.0
111	-14.573351154439939	8.881784197001252e-15	3.907985046680551e-14	6.340703472446058e-7	0.9999999999998934	0.9999999999998939	6.56097767709304e-7	6.559085230149276e-7	2.0961010704922955e-13	0.1316509618700128	-1.1194311823460965	98	294	0.0	98.0	0.0
112	-14.57335115443998	4.085620730620576e-14	5.329070518200751e-15	6.339818843900587e-7	0.9999999999998913	0.9999999999998912	6.596782401629924e-7	6.595336131254942e-7	2.1316282072803006e-13	0.13165095848714303	-1.1194311668283716	98	294	0.0	98.0	0.0
113	-14.57335115443993	4.973799150320701e-14	4.263256414560601e-14	6.335510526530381e-7	0.9999999999998908	0.9999999999998901	6.62551395457763e-7	6.627019758980906e-7	2.149391775674303e-13	0.1316509556590426	-1.1194311537903174	98	294	0.0	98.0	0.0
114	-14.573351154439976	4.618527782440651e-14	3.019806626980426e-14	6.335713140028401e-7	0.9999999999998888	0.9999999999998888	6.655088322102959e-7	6.655931493952394e-7	1.8118839761882555e-13	0.13165095291912587	-1.1194311412349902	98	294	0.0	98.0	0.0
115	-14.573351154439827	1.4921397450962104e-13	1.2612133559741778e-13	6.332240927976638e-7	0.9999999999998883	0.9999999999998879	6.680475118376625e-7	6.68275816644685e-7	2.3447910280083306e-13	0.13165095047559316	-1.1194311300370314	98	294	0.0	98.0	0.0
116	-14.573351154439976	1.4921397450962104e-13	2.1316282072803006e-14	6.333399679347549e-7	0.9999999999998879	0.9999999999998885	6.704334280859551e-7	6.703519545733172e-7	2.327027459614328e-13	0.13165094839189484	-1.1194311204555563	98	294	0.0	98.0	0.0
117	-14.573351154439823	1.5276668818842154e-13	2.1316282072803006e-13	6.332155317866172e-7	0.9999999999998881	0.9999999999998875	6.723289182779798e-7	6.725746874706778e-7	1.509903313490213e-13	0.13165094646845255	-1.1194311116328155	98	294	0.0	98.0	0.0
118	-14.573351154440047	2.2382096176443156e-13	8.526512829121202e-14	6.328710755621077e-7	0.9999999999998863	0.9999999999998861	6.742233393374669e-7	6.744295775859723e-7	2.255973186038318e-13	0.13165094471771033	-1.119431103613274	98	294	0.0	98.0	0.0
119	-14.57335115443996	8.704148513061227e-14	3.375077994860476e-14	6.331660476996191e-7	0.9999999999998855	0.9999999999998854	6.759817610263173e-7	6.759082436068489e-7	2.611244553918368e-13	0.13165094320839343	-1.1194310966820331	98	294	0.0	98.0	0.0
120	-14.573351154439948	1.2434497875801753e-14	2.4868995751603507e-14	6.329282407758813e-7	0.9999999999998855	0.9999999999998858	6.774970995005117e-7	6.775486795061809e-7	2.646771690706373e-13	0.1316509417345113	-1.1194310899561581	98	294	0.0	98.0	0.0
121	-14.5733511544401	1.5276668818842154e-13	1.758593271006248e-13	6.330068401440664e-7	0.999999999999885	0.9999999999998846	6.787101851589015e-7	6.787066930385291e-7	2.6290081223123707e-13	0.1316509406330577	-1.1194310848634474	98	294	0.0	98.0	0.0
122	-14.573351154439852	2.4868995751603507e-13	5.3290705182007514e-14	6.331052536505445e-7	0.9999999999998841	0.9999999999998851	6.797790851852668e-7	6.797309641871672e-7	2.824407374646398e-13	0.1316509396615686	-1.1194310803683793	98	294	0.0	98.0	0.0
123	-14.573351154440061	2.0961010704922955e-13	1.2612133559741778e-13	6.330178874943265e-7	0.9999999999998835	0.9999999999998842	6.809559552178084e-7	6.808018319088741e-7	2.5224267119483557e-13	0.13165093861285637	-1.1194310755834342	98	294	0.0	98.0	0.0
124	-14.573351154439807	2.540190280342358e-13	1.6342482922482304e-13	6.329757257786376e-7	0.9999999999998842	0.9999999999998843	6.816238861341401e-7	6.818446258456245e-7	2.1671553440683056e-13	0.13165093781908288	-1.1194310719171554	98	294	0.0	98.0	0.0
125	-14.57335115444003	2.220446049250313e-13	2.3092638912203256e-14	6.328614192883238e-7	0.999999999999884	0.9999999999998843	6.826975801377071e-7	6.828427026324506e-7	1.8118839761882555e-13	0.1316509368493719	-1.119431067532373	98	294	0.0	98.0	0.0
126	-14.573351154439784	2.4513724383723456e-13	1.7053025658242404e-13	6.329321944296672e-7	0.9999999999998828	0.9999999999998828	6.833249116874665e-7	6.835573829925506e-7	2.327027459614328e-13	0.13165093622730373	-1.119431064654894	98	294	0.0	98.0	0.0
127	-14.573351154439845	6.039613253960852e-14	1.4210854715202004e-13	6.328933726949702e-7	0.9999999999998838	0.9999999999998836	6.84032259548625e-7	6.838940939746731e-7	2.007283228522283e-13	0.13165093574611286	-1.119431062401274	98	294	0.0	98.0	0.0
128	-14.573351154439916	7.105427357601002e-14	7.105427357601002e-14	6.328715802107615e-7	0.9999999999998828	0.9999999999998832	6.846097581282058e-7	6.844919229390207e-7	2.007283228522283e-13	0.13165093519979898	-1.1194310598933006	98	294	0.0	98.0	0.0
129	-14.57335115444009	1.7408297026122455e-13	1.580957587066223e-13	6.328036114811453e-7	0.999999999999883	0.9999999999998829	6.85353710275983e-7	6.852070238300068e-7	2.5579538487363607e-13	0.13165093451572685	-1.119431056818764	98	294	0.0	98.0	0.0
130	-14.573351154439957	1.3322676295501878e-13	3.375077994860476e-14	6.329624247124397e-7	0.9999999999998821	0.999999999999882	6.856800671150718e-7	6.856067981789172e-7	1.971756091734278e-13	0.13165093418162566	-1.1194310552500675	98	294	0.0	98.0	0.0
131	-14.5733511544401	1.438849039914203e-13	1.9895196601282805e-13	6.328896261859766e-7	0.9999999999998818	0.9999999999998814	6.861612645155052e-7	6.861668908720079e-7	2.859934511434403e-13	0.13165093369471892	-1.1194310530482874	98	294	0.0	98.0	0.0
132	-14.573351154439916	1.8474111129762605e-13	1.0658141036401503e-14	6.331088757060293e-7	0.9999999999998818	0.9999999999998826	6.864581447827707e-7	6.867064167948691e-7	2.611244553918368e-13	0.13165093330500488	-1.11943105127313	98	294	0.0	98.0	0.0
133	-14.573351154440074	1.580957587066223e-13	1.4033219031261979e-13	6.329127796461434e-7	0.9999999999998813	0.999999999999881	6.86754523297294e-7	6.86887302324434e-7	2.540190280342358e-13	0.13165093308611464	-1.1194310502380604	98	294	0.0	98.0	0.0
134	-14.573351154439997	7.638334409421077e-14	6.039613253960852e-14	6.326041405618836e-7	0.9999999999998828	0.9999999999998824	6.871918898192497e-7	6.871321713502018e-7	2.504663143554353e-13	0.13165093276784812	-1.1194310487917793	98	294	0.0	98.0	0.0
135	-14.573351154439898	9.947598300641403e-14	7.283063041541027e-14	6.329440628507706e-7	0.9999999999998824	0.9999999999998828	6.875034121027625e-7	6.874232501542691e-7	2.1671553440683056e-13	0.13165093248717863	-1.1194310475145623	98	294	0.0	98.0	0.0
136	-14.573351154439884	1.4210854715202004e-14	1.0125233984581428e-13	6.327948260021524e-7	0.9999999999998821	0.9999999999998824	6.878462548507306e-7	6.877259589723254e-7	2.0250467969162855e-13	0.13165093218478097	-1.1194310461532377	98	294	0.0	98.0	0.0
137	-14.57335115443989	7.105427357601002e-15	1.0658141036401503e-13	6.327672015506458e-7	0.9999999999998821	0.9999999999998823	6.878559208367717e-7	6.878203854574354e-7	1.900701818158268e-13	0.13165093214140677	-1.1194310459024566	98	294	0.0	98.0	0.0
138	-14.573351154440017	1.2612133559741778e-13	1.2434497875801753e-14	6.326646407088843e-7	0.9999999999998821	0.9999999999998825	6.879940176573601e-7	6.880665918613162e-7	1.580957587066223e-13	0.13165093196286826	-1.1194310450842737	98	294	0.0	98.0	0.0
139	-14.573351154439791	2.255973186038318e-13	2.1316282072803006e-13	6.326514882284201e-7	0.999999999999882	0.9999999999998815	6.881338126472671e-7	6.880535348925554e-7	1.829647544582258e-13	0.1316509319074326	-1.119431044794725	98	294	0.0	98.0	0.0
140	-14.573351154439932	1.4033219031261979e-13	9.414691248821327e-14	6.327558312251281e-7	0.999999999999881	0.9999999999998828	6.883496872199751e-7	6.88334293497575e-7	1.616484723854228e-13	0.13165093167387432	-1.1194310437547075	98	294	0.0	98.0	0.0
